customer_id,city,customer_type,tariff_plan,monthly_consumption_kWh,billing_zone
C1243,Yaoundé,Commercial,Economy,355.23,Zone 2
C2551,Yaoundé,Commercial,Premium,741.37,Zone 1
C3977,Yaoundé,Residential,Economy,1286.18,Zone 1
C8890,Yaoundé,Residential,Basic,777.19,Zone 2
C4733,Yaoundé,Residential,Economy,1221.59,Zone 3
C8422,Yaoundé,Commercial,Basic,262.75,Zone 2
C9293,Yaoundé,Residential,Economy,143.22,Zone 1
C8456,Yaoundé,Commercial,Basic,790.77,Zone 3
C7719,Yaoundé,Residential,Premium,1368.95,Zone 3
C9650,Yaoundé,Commercial,Premium,294.05,Zone 2
C6338,Yaoundé,Industrial,Economy,296.92,Zone 3
C1866,Yaoundé,Commercial,Basic,70.07,Zone 3
C7279,Yaoundé,Industrial,Basic,1402.44,Zone 3
C5316,Yaoundé,Industrial,Economy,172.88,Zone 2
C5359,Yaoundé,Commercial,Economy,1016.28,Zone 3
C6702,Yaoundé,Industrial,Economy,702.67,Zone 2
C6818,Yaoundé,Residential,Economy,676.29,Zone 1
C8783,Yaoundé,Industrial,Premium,1003.26,Zone 1
C2412,Yaoundé,Residential,Basic,1226.06,Zone 3
C5780,Yaoundé,Residential,Economy,510.12,Zone 2
C3526,Yaoundé,Residential,Premium,481,Zone 2
C8805,Yaoundé,Residential,Basic,1358.88,Zone 2
C9988,Yaoundé,Commercial,Basic,1367.31,Zone 3
C6914,Yaoundé,Industrial,Basic,576.84,Zone 3
C7303,Yaoundé,Commercial,Premium,442.23,Zone 3
C9710,Yaoundé,Commercial,Economy,414.92,Zone 2
C7827,Yaoundé,Industrial,Basic,946.37,Zone 1
C7431,Yaoundé,Industrial,Premium,307.22,Zone 2
C5622,Yaoundé,Industrial,Premium,312.43,Zone 1
C3957,Yaoundé,Commercial,Premium,304.39,Zone 1
C5205,Yaoundé,Commercial,Basic,411.09,Zone 2
C1277,Yaoundé,Industrial,Economy,1459.59,Zone 3
C6107,Yaoundé,Industrial,Economy,124.8,Zone 2
C4856,Yaoundé,Commercial,Premium,463.34,Zone 3
C8584,Yaoundé,Industrial,Basic,161.59,Zone 3
C6513,Yaoundé,Residential,Basic,324.46,Zone 2
C1275,Yaoundé,Commercial,Economy,1115.44,Zone 2
C9672,Yaoundé,Industrial,Basic,1036.19,Zone 3
C3107,Yaoundé,Industrial,Premium,134.8,Zone 2
C7099,Yaoundé,Residential,Basic,672.4,Zone 3
C2492,Yaoundé,Commercial,Premium,854.26,Zone 2
C1034,Yaoundé,Commercial,Economy,648.5,Zone 1
C2907,Yaoundé,Residential,Premium,598.21,Zone 2
C2050,Yaoundé,Industrial,Economy,788.02,Zone 1
C3991,Yaoundé,Residential,Basic,495.42,Zone 3
C7583,Yaoundé,Industrial,Economy,61.32,Zone 1
C1171,Yaoundé,Commercial,Economy,157.59,Zone 2
C8660,Yaoundé,Industrial,Premium,360.2,Zone 2
C9443,Yaoundé,Residential,Economy,728.86,Zone 1
C3323,Yaoundé,Industrial,Basic,95.06,Zone 2
C1983,Yaoundé,Residential,Economy,953.86,Zone 3
C2986,Yaoundé,Commercial,Basic,299.58,Zone 3
C9457,Yaoundé,Industrial,Premium,96.36,Zone 1
C7239,Yaoundé,Industrial,Premium,234.55,Zone 2
C6742,Yaoundé,Commercial,Basic,934.71,Zone 1
C2045,Yaoundé,Industrial,Economy,279.64,Zone 1
C9932,Yaoundé,Residential,Basic,256.77,Zone 1
C9236,Yaoundé,Commercial,Economy,376.1,Zone 2
C3331,Yaoundé,Industrial,Premium,1459.18,Zone 1
C4981,Yaoundé,Commercial,Premium,1249.82,Zone 2
C1519,Yaoundé,Residential,Economy,1247.65,Zone 2
C3721,Yaoundé,Residential,Premium,1240.62,Zone 2
C1487,Yaoundé,Residential,Economy,774.4,Zone 3
C9449,Yaoundé,Residential,Basic,295.15,Zone 3
C5971,Yaoundé,Commercial,Economy,166.26,Zone 3
C6052,Yaoundé,Industrial,Basic,481.52,Zone 3
C3415,Yaoundé,Industrial,Economy,390.69,Zone 1
C7864,Yaoundé,Residential,Basic,644.25,Zone 3
C6916,Yaoundé,Residential,Economy,968.01,Zone 1
C8606,Yaoundé,Commercial,Economy,1481.94,Zone 3
C5813,Yaoundé,Residential,Economy,74.39,Zone 1
C5909,Yaoundé,Industrial,Premium,173.31,Zone 3
C9362,Yaoundé,Commercial,Basic,433.8,Zone 3
C1659,Yaoundé,Commercial,Economy,504.72,Zone 1
C4566,Yaoundé,Commercial,Basic,1152.03,Zone 2
C3242,Yaoundé,Industrial,Premium,1370.95,Zone 2
C9800,Yaoundé,Residential,Basic,364.19,Zone 2
C3383,Yaoundé,Industrial,Economy,117.41,Zone 3
C8677,Yaoundé,Residential,Economy,854.15,Zone 1
C7252,Yaoundé,Residential,Basic,1435.78,Zone 1
C2302,Yaoundé,Residential,Premium,523.73,Zone 3
C6269,Yaoundé,Commercial,Economy,441.41,Zone 3
C5398,Yaoundé,Industrial,Premium,735.78,Zone 2
C5105,Yaoundé,Commercial,Basic,1459.85,Zone 3
C4030,Yaoundé,Industrial,Basic,745.14,Zone 1
C7806,Yaoundé,Industrial,Economy,443.23,Zone 3
C2990,Yaoundé,Commercial,Basic,1179.01,Zone 2
C6137,Yaoundé,Commercial,Premium,867.25,Zone 3
C6726,Yaoundé,Commercial,Basic,84.61,Zone 3
C5724,Yaoundé,Commercial,Basic,169.36,Zone 2
C4448,Yaoundé,Commercial,Economy,182.49,Zone 3
C3554,Yaoundé,Commercial,Premium,644.19,Zone 3
C6500,Yaoundé,Residential,Economy,504.42,Zone 2
C5298,Yaoundé,Commercial,Basic,1319.24,Zone 1
C2265,Yaoundé,Residential,Economy,1349.77,Zone 2
C2922,Yaoundé,Commercial,Economy,627.52,Zone 1
C6327,Yaoundé,Residential,Economy,779.76,Zone 3
C7543,Yaoundé,Industrial,Economy,1201.13,Zone 2
C4051,Yaoundé,Industrial,Premium,1132.89,Zone 3
C9693,Yaoundé,Residential,Basic,79.21,Zone 1
C8912,Yaoundé,Residential,Basic,752.02,Zone 2
C9388,Yaoundé,Commercial,Basic,1399.76,Zone 2
C3712,Yaoundé,Residential,Economy,605.22,Zone 1
C3644,Yaoundé,Commercial,Basic,79.18,Zone 1
C3691,Yaoundé,Residential,Premium,1288.88,Zone 3
C3728,Yaoundé,Residential,Premium,1369.74,Zone 2
C6218,Yaoundé,Industrial,Premium,1329.2,Zone 3
C2447,Yaoundé,Residential,Basic,1089.88,Zone 3
C9685,Yaoundé,Commercial,Economy,1287.71,Zone 1
C6214,Yaoundé,Industrial,Basic,615.38,Zone 3
C4892,Yaoundé,Industrial,Basic,1471.07,Zone 3
C5049,Yaoundé,Commercial,Basic,1144.83,Zone 2
C5199,Yaoundé,Industrial,Basic,803.74,Zone 3
C1354,Yaoundé,Commercial,Basic,318.3,Zone 3
C2591,Yaoundé,Industrial,Premium,730.91,Zone 1
C7827,Yaoundé,Industrial,Economy,214.75,Zone 1
C6731,Yaoundé,Commercial,Premium,816.59,Zone 1
C5474,Yaoundé,Commercial,Economy,371.71,Zone 2
C2297,Yaoundé,Residential,Basic,885.74,Zone 1
C4704,Yaoundé,Residential,Economy,422.25,Zone 2
C9643,Yaoundé,Commercial,Premium,1151.65,Zone 2
C3853,Yaoundé,Commercial,Premium,133.24,Zone 1
C2855,Yaoundé,Commercial,Economy,277.91,Zone 2
C3620,Yaoundé,Commercial,Premium,91.11,Zone 1
C8550,Yaoundé,Industrial,Premium,368.51,Zone 2
C1459,Yaoundé,Residential,Basic,1486.96,Zone 1
C5946,Yaoundé,Industrial,Economy,501.07,Zone 2
C9424,Yaoundé,Commercial,Economy,708.39,Zone 1
C7463,Yaoundé,Commercial,Premium,169,Zone 1
C3168,Yaoundé,Residential,Economy,176.41,Zone 2
C9888,Yaoundé,Industrial,Basic,522.5,Zone 3
C4875,Yaoundé,Commercial,Basic,1056.81,Zone 3
C6834,Yaoundé,Residential,Economy,1037.75,Zone 1
C4015,Yaoundé,Industrial,Economy,1257.58,Zone 3
C2063,Yaoundé,Commercial,Economy,299.04,Zone 1
C8800,Yaoundé,Commercial,Premium,580.9,Zone 3
C8100,Yaoundé,Industrial,Premium,757.34,Zone 2
C9225,Yaoundé,Residential,Economy,1023.34,Zone 2
C9238,Yaoundé,Commercial,Premium,1426.94,Zone 3
C8610,Yaoundé,Residential,Basic,1124.39,Zone 2
C3684,Yaoundé,Residential,Economy,1394.89,Zone 2
C8793,Yaoundé,Industrial,Economy,1349.96,Zone 1
C9935,Yaoundé,Commercial,Basic,1058.54,Zone 2
C3411,Yaoundé,Commercial,Premium,1349.21,Zone 1
C8830,Yaoundé,Commercial,Premium,130.02,Zone 1
C1987,Yaoundé,Residential,Economy,174.1,Zone 3
C1652,Yaoundé,Residential,Economy,1031.69,Zone 1
C4506,Yaoundé,Commercial,Basic,147.27,Zone 2
C5030,Yaoundé,Residential,Basic,140.45,Zone 2
C9627,Yaoundé,Commercial,Premium,584.85,Zone 3
C8872,Yaoundé,Commercial,Basic,1489.81,Zone 3
C7224,Yaoundé,Industrial,Economy,710.73,Zone 1
C1793,Yaoundé,Industrial,Basic,118.87,Zone 1
C1362,Yaoundé,Residential,Basic,361.18,Zone 2
C4880,Yaoundé,Commercial,Economy,239.26,Zone 1
C4037,Yaoundé,Commercial,Economy,1120.88,Zone 3
C2621,Yaoundé,Industrial,Economy,694.65,Zone 3
C4801,Yaoundé,Industrial,Basic,177.92,Zone 1
C6681,Yaoundé,Commercial,Economy,212.02,Zone 2
C3762,Yaoundé,Residential,Economy,806.77,Zone 2
C5852,Yaoundé,Commercial,Economy,994.78,Zone 2
C2080,Yaoundé,Residential,Economy,1463.94,Zone 2
C3416,Yaoundé,Residential,Basic,1186.26,Zone 1
C8878,Yaoundé,Residential,Premium,1271.62,Zone 1
C5760,Yaoundé,Commercial,Basic,518.25,Zone 2
C5415,Yaoundé,Residential,Premium,697.43,Zone 1
C6139,Yaoundé,Industrial,Basic,1377.32,Zone 1
C6300,Yaoundé,Commercial,Economy,263.61,Zone 3
C1131,Yaoundé,Residential,Premium,1437.5,Zone 2
C7668,Yaoundé,Commercial,Premium,1244.74,Zone 2
C3749,Yaoundé,Residential,Economy,890.81,Zone 1
C4096,Yaoundé,Industrial,Economy,1366.99,Zone 1
C9197,Yaoundé,Residential,Economy,1453.38,Zone 1
C6081,Yaoundé,Commercial,Economy,649.95,Zone 2
C8559,Yaoundé,Commercial,Basic,976.84,Zone 1
C7577,Yaoundé,Residential,Premium,1061.75,Zone 3
C9197,Yaoundé,Commercial,Premium,1019.22,Zone 3
C7978,Yaoundé,Residential,Basic,65.02,Zone 1
C6440,Yaoundé,Residential,Economy,1144.09,Zone 3
C1422,Yaoundé,Residential,Basic,890.29,Zone 3
C8416,Yaoundé,Commercial,Premium,1194.02,Zone 2
C4641,Yaoundé,Commercial,Economy,792.79,Zone 1
C8927,Yaoundé,Commercial,Economy,1485.82,Zone 1
C7373,Yaoundé,Industrial,Economy,1136.11,Zone 1
C1331,Yaoundé,Residential,Premium,194.41,Zone 1
C7266,Yaoundé,Commercial,Premium,1270.5,Zone 3
C2496,Yaoundé,Industrial,Premium,1117.1,Zone 1
C7783,Yaoundé,Industrial,Premium,1382.74,Zone 1
C6681,Yaoundé,Commercial,Premium,1093.36,Zone 2
C4911,Yaoundé,Industrial,Economy,472.86,Zone 2
C9364,Yaoundé,Commercial,Basic,1187.54,Zone 1
C3699,Yaoundé,Industrial,Premium,471.71,Zone 2
C3035,Yaoundé,Industrial,Basic,380.64,Zone 2
C5616,Yaoundé,Commercial,Premium,584.03,Zone 1
C6544,Yaoundé,Industrial,Basic,890,Zone 3
C4150,Yaoundé,Residential,Premium,200.91,Zone 2
C1467,Yaoundé,Residential,Premium,1318.71,Zone 2
C1203,Yaoundé,Residential,Premium,1100.6,Zone 1
C1098,Yaoundé,Residential,Premium,1223.9,Zone 3
C7366,Yaoundé,Industrial,Basic,397.27,Zone 2
C6166,Douala,Industrial,Premium,759.62,Zone 3
C2090,Douala,Residential,Premium,1027.68,Zone 3
C7689,Douala,Residential,Economy,493.25,Zone 1
C6761,Douala,Industrial,Premium,1216.2,Zone 2
C1479,Douala,Residential,Basic,914.83,Zone 2
C1650,Douala,Residential,Economy,1275.32,Zone 2
C9069,Douala,Industrial,Basic,576.98,Zone 3
C5777,Douala,Residential,Premium,866.27,Zone 3
C6448,Douala,Industrial,Premium,494.65,Zone 3
C1268,Douala,Industrial,Economy,689.74,Zone 1
C8462,Douala,Industrial,Premium,1481.03,Zone 1
C7422,Douala,Industrial,Basic,254.91,Zone 3
C7699,Douala,Residential,Premium,680.37,Zone 2
C9300,Douala,Residential,Premium,726.99,Zone 2
C6463,Douala,Residential,Premium,829.89,Zone 2
C5158,Douala,Residential,Basic,1436.67,Zone 1
C3894,Douala,Commercial,Economy,222.95,Zone 2
C9747,Douala,Commercial,Premium,919.47,Zone 3
C3377,Douala,Industrial,Basic,144.08,Zone 2
C3868,Douala,Industrial,Economy,737.79,Zone 1
C8545,Douala,Commercial,Economy,1339.33,Zone 2
C8479,Douala,Commercial,Economy,115.79,Zone 3
C5508,Douala,Commercial,Economy,1367.89,Zone 1
C9722,Douala,Residential,Economy,699.3,Zone 2
C9482,Douala,Commercial,Basic,622.09,Zone 2
C5926,Douala,Commercial,Economy,1048.38,Zone 1
C9743,Douala,Industrial,Economy,1088.56,Zone 3
C4184,Douala,Industrial,Economy,574.34,Zone 3
C1549,Douala,Industrial,Economy,358.62,Zone 3
C4790,Douala,Residential,Premium,1143.07,Zone 1
C2391,Douala,Commercial,Basic,952.36,Zone 2
C6771,Douala,Residential,Economy,963.72,Zone 3
C6024,Douala,Commercial,Premium,55.12,Zone 1
C3201,Douala,Residential,Economy,1439.6,Zone 1
C7472,Douala,Industrial,Basic,1460.87,Zone 3
C9456,Douala,Industrial,Economy,1419.15,Zone 2
C8828,Douala,Residential,Economy,510.25,Zone 1
C7290,Douala,Residential,Economy,1234.08,Zone 2
C2182,Douala,Industrial,Economy,974.22,Zone 1
C4759,Douala,Commercial,Premium,1252.98,Zone 1
C3335,Douala,Commercial,Basic,1339.42,Zone 3
C6749,Douala,Industrial,Premium,1061.34,Zone 2
C5541,Douala,Residential,Basic,495.07,Zone 3
C9488,Douala,Industrial,Premium,470.59,Zone 3
C7013,Douala,Residential,Premium,230.79,Zone 1
C7453,Douala,Residential,Premium,526.26,Zone 1
C4059,Douala,Residential,Premium,530.83,Zone 1
C3641,Douala,Industrial,Economy,138.92,Zone 3
C8276,Douala,Residential,Basic,425.87,Zone 1
C1989,Douala,Commercial,Economy,1496.35,Zone 1
C2713,Douala,Commercial,Basic,1421.91,Zone 2
C9484,Douala,Commercial,Premium,847.1,Zone 3
C2491,Douala,Industrial,Premium,1030.31,Zone 3
C4108,Douala,Residential,Premium,994.63,Zone 1
C9519,Douala,Residential,Premium,88.29,Zone 1
C4514,Douala,Industrial,Basic,709.31,Zone 1
C3010,Douala,Residential,Premium,626.92,Zone 1
C8575,Douala,Industrial,Premium,254.75,Zone 2
C3014,Douala,Residential,Premium,1160.79,Zone 2
C3526,Douala,Commercial,Economy,330.49,Zone 2
C6452,Douala,Industrial,Premium,687.58,Zone 3
C3737,Douala,Industrial,Basic,985.93,Zone 2
C8331,Douala,Residential,Basic,207.87,Zone 1
C8245,Douala,Industrial,Premium,1114.62,Zone 1
C5553,Douala,Residential,Basic,1385.39,Zone 2
C7757,Douala,Residential,Premium,1119.38,Zone 3
C7640,Douala,Commercial,Basic,288.47,Zone 3
C5144,Douala,Residential,Premium,524.46,Zone 3
C1164,Douala,Commercial,Economy,63.04,Zone 2
C3846,Douala,Commercial,Premium,427.99,Zone 1
C2392,Douala,Industrial,Basic,1255.49,Zone 3
C4782,Douala,Residential,Basic,614.21,Zone 3
C2765,Douala,Commercial,Economy,919.48,Zone 1
C9677,Douala,Residential,Economy,136.66,Zone 2
C7082,Douala,Commercial,Economy,442.91,Zone 1
C8687,Douala,Residential,Basic,730.24,Zone 1
C7216,Douala,Industrial,Economy,1463.69,Zone 2
C4876,Douala,Residential,Premium,1035,Zone 3
C3171,Douala,Residential,Premium,522.67,Zone 3
C6267,Douala,Industrial,Economy,954.07,Zone 2
C6721,Douala,Commercial,Basic,1361.24,Zone 1
C3693,Douala,Commercial,Basic,991.74,Zone 3
C5522,Douala,Commercial,Economy,1016.54,Zone 3
C2422,Douala,Commercial,Premium,88.88,Zone 1
C9168,Douala,Commercial,Economy,1396.06,Zone 1
C7970,Douala,Industrial,Premium,766.55,Zone 2
C2202,Douala,Residential,Basic,112.57,Zone 2
C2552,Douala,Industrial,Premium,1006.63,Zone 2
C2842,Douala,Residential,Premium,950.4,Zone 3
C1398,Douala,Residential,Basic,915.86,Zone 3
C3364,Douala,Commercial,Premium,374.12,Zone 2
C3844,Douala,Industrial,Economy,461.97,Zone 2
C5098,Douala,Industrial,Premium,1369.41,Zone 2
C2665,Douala,Residential,Economy,198.97,Zone 3
C6031,Douala,Residential,Economy,688.57,Zone 2
C3816,Douala,Commercial,Premium,1089.61,Zone 1
C3182,Douala,Industrial,Premium,209.85,Zone 3
C5129,Douala,Residential,Economy,959.76,Zone 3
C7582,Douala,Commercial,Basic,1189.46,Zone 1
C2107,Douala,Industrial,Economy,209.37,Zone 1
C8295,Douala,Residential,Economy,390.85,Zone 3
C4427,Douala,Commercial,Economy,1426.63,Zone 1
C6247,Douala,Industrial,Premium,1149,Zone 1
C4804,Douala,Industrial,Economy,1110.39,Zone 1
C3168,Douala,Industrial,Economy,156.74,Zone 3
C4440,Douala,Commercial,Economy,791.51,Zone 3
C8030,Douala,Industrial,Basic,1344.22,Zone 3
C9433,Douala,Commercial,Basic,996.39,Zone 2
C5019,Douala,Industrial,Economy,1461.13,Zone 3
C7508,Douala,Residential,Basic,1268.04,Zone 3
C3724,Douala,Commercial,Economy,1214.69,Zone 3
C3748,Douala,Industrial,Premium,1136.42,Zone 2
C5453,Douala,Commercial,Premium,1271.47,Zone 3
C3938,Douala,Commercial,Basic,943.05,Zone 1
C7263,Douala,Residential,Economy,229.36,Zone 2
C1242,Douala,Industrial,Economy,1416.33,Zone 3
C9863,Douala,Residential,Premium,87.78,Zone 1
C1783,Douala,Residential,Premium,1061.33,Zone 2
C9537,Douala,Industrial,Economy,875.83,Zone 2
C8724,Douala,Residential,Premium,980.73,Zone 3
C5391,Douala,Residential,Premium,1107.72,Zone 2
C1182,Douala,Industrial,Basic,1369.69,Zone 1
C2137,Douala,Industrial,Premium,1406.04,Zone 2
C2015,Douala,Residential,Basic,1081.13,Zone 1
C1910,Douala,Commercial,Basic,1000.49,Zone 3
C6616,Douala,Industrial,Basic,514.65,Zone 3
C9651,Douala,Industrial,Basic,164.13,Zone 3
C8313,Douala,Commercial,Economy,742.97,Zone 1
C6279,Douala,Industrial,Economy,393.8,Zone 2
C4837,Douala,Industrial,Economy,326.24,Zone 3
C5280,Douala,Commercial,Basic,1332.32,Zone 3
C5763,Douala,Commercial,Basic,541.05,Zone 3
C7261,Douala,Residential,Basic,666.78,Zone 1
C3919,Douala,Commercial,Premium,1413.49,Zone 1
C3097,Douala,Residential,Basic,1302.47,Zone 3
C5154,Douala,Industrial,Basic,855.7,Zone 3
C5817,Douala,Residential,Premium,1249.06,Zone 1
C1643,Douala,Residential,Premium,462.03,Zone 1
C4370,Douala,Residential,Premium,666.15,Zone 2
C8024,Douala,Commercial,Premium,648.3,Zone 2
C6581,Douala,Commercial,Economy,577.53,Zone 2
C5798,Douala,Industrial,Economy,942.23,Zone 1
C2891,Douala,Commercial,Economy,629.41,Zone 3
C1477,Douala,Commercial,Economy,926.83,Zone 1
C1026,Douala,Industrial,Economy,95.05,Zone 2
C2517,Douala,Residential,Premium,1030.54,Zone 1
C8517,Douala,Commercial,Premium,552.32,Zone 1
C1142,Douala,Industrial,Premium,1407.33,Zone 3
C5332,Douala,Residential,Premium,1239.24,Zone 1
C1275,Douala,Industrial,Economy,1167.96,Zone 2
C8400,Douala,Commercial,Premium,1323.53,Zone 1
C1081,Douala,Industrial,Premium,218.26,Zone 2
C4966,Douala,Commercial,Basic,1453,Zone 1
C2633,Douala,Industrial,Economy,1410.01,Zone 3
C8098,Douala,Commercial,Economy,1165.77,Zone 2
C9911,Douala,Industrial,Economy,1191.92,Zone 3
C9399,Douala,Residential,Economy,687.26,Zone 3
C1264,Douala,Industrial,Economy,429.47,Zone 2
C7083,Douala,Commercial,Premium,972.81,Zone 2
C5164,Douala,Commercial,Economy,922.54,Zone 2
C6163,Douala,Residential,Premium,401.26,Zone 3
C5349,Douala,Residential,Premium,422.38,Zone 1
C2860,Douala,Commercial,Economy,1237.78,Zone 1
C7550,Douala,Industrial,Basic,824.24,Zone 2
C4194,Douala,Residential,Basic,120.07,Zone 3
C5816,Douala,Industrial,Premium,1031.2,Zone 3
C9313,Douala,Industrial,Economy,355.57,Zone 3
C5615,Douala,Commercial,Premium,843.62,Zone 1
C1311,Douala,Industrial,Premium,447.94,Zone 1
C5045,Douala,Residential,Basic,963.79,Zone 1
C1183,Douala,Industrial,Premium,463.49,Zone 1
C5297,Douala,Industrial,Premium,1311.13,Zone 3
C5563,Douala,Industrial,Basic,97.75,Zone 2
C2796,Douala,Residential,Economy,1144.13,Zone 1
C9126,Douala,Residential,Economy,989.53,Zone 3
C9527,Douala,Industrial,Basic,1036.94,Zone 3
C8488,Douala,Residential,Premium,877.66,Zone 2
C5945,Douala,Industrial,Basic,1472.07,Zone 1
C3086,Douala,Residential,Premium,666.92,Zone 2
C9565,Douala,Residential,Economy,888.63,Zone 3
C8524,Douala,Industrial,Basic,1182.62,Zone 2
C6347,Douala,Industrial,Economy,954.51,Zone 2
C4124,Douala,Industrial,Basic,1462.23,Zone 3
C1138,Douala,Residential,Premium,1258.23,Zone 2
C9848,Douala,Residential,Economy,885.97,Zone 1
C1108,Douala,Residential,Premium,1034.55,Zone 3
C4003,Douala,Industrial,Economy,585.73,Zone 3
C6463,Douala,Commercial,Premium,228.09,Zone 2
C9141,Douala,Industrial,Premium,199.71,Zone 3
C3029,Douala,Commercial,Basic,1012.02,Zone 3
C9325,Douala,Residential,Economy,267.89,Zone 3
C5945,Douala,Commercial,Economy,1247.46,Zone 2
C3875,Douala,Commercial,Basic,898.12,Zone 3
C2874,Douala,Industrial,Premium,1108.57,Zone 3
C9387,Douala,Industrial,Premium,638.61,Zone 1
C7288,Douala,Industrial,Economy,1339.2,Zone 2
C8436,Douala,Industrial,Basic,460.59,Zone 1
C3765,Douala,Industrial,Premium,272.5,Zone 1
C9079,Douala,Residential,Premium,241.26,Zone 2
C8727,Douala,Commercial,Economy,873.86,Zone 3
C3840,Garoua,Industrial,Basic,72.82,Zone 1
C6227,Garoua,Commercial,Economy,1452.37,Zone 2
C8882,Garoua,Industrial,Basic,1086.02,Zone 2
C1715,Garoua,Commercial,Economy,585.98,Zone 3
C4553,Garoua,Industrial,Economy,1183.97,Zone 2
C9869,Garoua,Commercial,Economy,1038.09,Zone 3
C1249,Garoua,Commercial,Premium,199.43,Zone 2
C2171,Garoua,Industrial,Premium,135.63,Zone 3
C8248,Garoua,Industrial,Basic,1043.53,Zone 3
C6780,Garoua,Residential,Premium,898.17,Zone 1
C4268,Garoua,Commercial,Economy,185.26,Zone 2
C7181,Garoua,Industrial,Economy,108.01,Zone 2
C2915,Garoua,Industrial,Basic,1024.53,Zone 3
C8154,Garoua,Commercial,Basic,1174.23,Zone 3
C9475,Garoua,Industrial,Economy,465.54,Zone 2
C7090,Garoua,Commercial,Economy,902.21,Zone 1
C7972,Garoua,Residential,Basic,1323.57,Zone 2
C6531,Garoua,Residential,Premium,1197.27,Zone 3
C2561,Garoua,Residential,Premium,793.56,Zone 2
C7400,Garoua,Residential,Premium,164.93,Zone 1
C1542,Garoua,Residential,Basic,640.39,Zone 2
C1593,Garoua,Industrial,Economy,1105.84,Zone 2
C9773,Garoua,Residential,Economy,661.38,Zone 1
C4894,Garoua,Commercial,Premium,1155.01,Zone 1
C6539,Garoua,Residential,Premium,1136.98,Zone 2
C4433,Garoua,Industrial,Premium,391.66,Zone 2
C1725,Garoua,Commercial,Economy,210.63,Zone 1
C6473,Garoua,Residential,Basic,1024.7,Zone 2
C3238,Garoua,Industrial,Premium,508.23,Zone 1
C1130,Garoua,Commercial,Premium,1223.71,Zone 1
C3534,Garoua,Commercial,Basic,938.53,Zone 2
C4320,Garoua,Industrial,Premium,344.02,Zone 1
C4852,Garoua,Commercial,Premium,1194.02,Zone 2
C2349,Garoua,Residential,Premium,257.09,Zone 3
C3831,Garoua,Commercial,Economy,962.98,Zone 3
C8916,Garoua,Commercial,Premium,833.33,Zone 2
C9078,Garoua,Commercial,Economy,789.35,Zone 2
C3937,Garoua,Residential,Basic,1297.78,Zone 1
C6593,Garoua,Commercial,Basic,694.94,Zone 2
C7988,Garoua,Commercial,Premium,1345.55,Zone 1
C2774,Garoua,Industrial,Economy,965.65,Zone 3
C9692,Garoua,Residential,Premium,1276.87,Zone 3
C9055,Garoua,Residential,Basic,974.55,Zone 2
C4226,Garoua,Industrial,Premium,595.8,Zone 3
C9955,Garoua,Industrial,Premium,1198.94,Zone 3
C3807,Garoua,Residential,Premium,626.43,Zone 3
C2115,Garoua,Industrial,Premium,714.76,Zone 2
C8526,Garoua,Industrial,Economy,207.99,Zone 2
C2458,Garoua,Industrial,Basic,102.68,Zone 2
C9720,Garoua,Residential,Economy,763.78,Zone 3
C6959,Garoua,Residential,Basic,911.01,Zone 1
C6576,Garoua,Industrial,Premium,72.07,Zone 3
C5854,Garoua,Residential,Premium,753.29,Zone 1
C7547,Garoua,Residential,Basic,505.45,Zone 2
C4197,Garoua,Industrial,Premium,335.18,Zone 1
C3375,Garoua,Industrial,Premium,682.56,Zone 3
C5028,Garoua,Commercial,Economy,1395.26,Zone 1
C1149,Garoua,Industrial,Economy,1004.82,Zone 3
C9558,Garoua,Industrial,Economy,912.75,Zone 1
C4550,Garoua,Commercial,Premium,641.18,Zone 2
C3251,Garoua,Industrial,Premium,327.68,Zone 2
C2391,Garoua,Commercial,Basic,250.59,Zone 3
C7746,Garoua,Commercial,Basic,1163.14,Zone 1
C3344,Garoua,Industrial,Basic,385.09,Zone 3
C6384,Garoua,Residential,Premium,1257.72,Zone 2
C2274,Garoua,Residential,Economy,121.4,Zone 1
C7459,Garoua,Industrial,Economy,516,Zone 2
C1027,Garoua,Residential,Premium,1152.14,Zone 3
C2557,Garoua,Residential,Economy,774.68,Zone 1
C1097,Garoua,Commercial,Economy,92.64,Zone 2
C7410,Garoua,Industrial,Basic,1103.13,Zone 1
C3801,Garoua,Commercial,Premium,820.32,Zone 2
C8775,Garoua,Industrial,Economy,1040.17,Zone 3
C1307,Garoua,Residential,Economy,1487.47,Zone 2
C6504,Garoua,Residential,Premium,1494.77,Zone 2
C8880,Garoua,Commercial,Economy,813.36,Zone 1
C6671,Garoua,Commercial,Basic,523.04,Zone 3
C9416,Garoua,Residential,Premium,738.91,Zone 2
C9974,Garoua,Commercial,Basic,882.9,Zone 3
C5680,Garoua,Commercial,Premium,412.52,Zone 3
C2558,Garoua,Industrial,Basic,1242.37,Zone 3
C7529,Garoua,Industrial,Premium,961.22,Zone 3
C8911,Garoua,Commercial,Economy,533.41,Zone 3
C8810,Garoua,Industrial,Economy,507.64,Zone 2
C8375,Garoua,Residential,Premium,581.04,Zone 3
C6693,Garoua,Industrial,Basic,1484.25,Zone 2
C4303,Garoua,Industrial,Basic,784.07,Zone 3
C8869,Garoua,Residential,Basic,413.66,Zone 3
C1501,Garoua,Industrial,Economy,1092.87,Zone 2
C5550,Garoua,Industrial,Basic,623.6,Zone 2
C6040,Garoua,Residential,Economy,414.58,Zone 2
C7358,Garoua,Commercial,Basic,197.31,Zone 3
C2241,Garoua,Commercial,Basic,1462.1,Zone 2
C2951,Garoua,Residential,Economy,812.33,Zone 1
C1701,Garoua,Residential,Premium,230.88,Zone 2
C5039,Garoua,Commercial,Basic,829.95,Zone 1
C2369,Garoua,Commercial,Economy,207.77,Zone 3
C1431,Garoua,Industrial,Basic,1184.71,Zone 1
C7259,Garoua,Industrial,Economy,1370.97,Zone 3
C3799,Garoua,Commercial,Basic,256.65,Zone 3
C7102,Garoua,Commercial,Economy,962.48,Zone 2
C9753,Garoua,Commercial,Premium,608.53,Zone 3
C9531,Garoua,Industrial,Premium,159.08,Zone 1
C8708,Garoua,Commercial,Economy,1356.88,Zone 1
C1831,Garoua,Industrial,Basic,270.18,Zone 3
C4658,Garoua,Residential,Economy,1035.68,Zone 1
C3166,Garoua,Commercial,Premium,50.43,Zone 3
C1744,Garoua,Industrial,Economy,109.97,Zone 1
C9707,Garoua,Residential,Premium,1282.01,Zone 3
C5332,Garoua,Industrial,Basic,1461.7,Zone 1
C3428,Garoua,Commercial,Basic,1138.94,Zone 3
C9429,Garoua,Commercial,Economy,386.43,Zone 3
C4004,Garoua,Residential,Basic,918.01,Zone 3
C1181,Garoua,Commercial,Basic,1181.38,Zone 2
C1945,Garoua,Residential,Economy,1234.54,Zone 2
C2936,Garoua,Residential,Economy,351.79,Zone 3
C3116,Garoua,Industrial,Basic,1282.38,Zone 2
C3373,Garoua,Residential,Economy,1355.37,Zone 3
C1840,Garoua,Residential,Economy,1449.03,Zone 2
C4686,Garoua,Commercial,Premium,1099.62,Zone 2
C3671,Garoua,Industrial,Basic,958.31,Zone 3
C6834,Garoua,Industrial,Basic,840.8,Zone 2
C8854,Garoua,Industrial,Basic,1322.5,Zone 1
C9861,Garoua,Residential,Premium,1293.25,Zone 3
C2960,Garoua,Residential,Basic,225.13,Zone 3
C1588,Garoua,Residential,Premium,535.96,Zone 2
C1325,Garoua,Industrial,Economy,1402.62,Zone 1
C1164,Garoua,Residential,Premium,1498.49,Zone 3
C2129,Garoua,Residential,Economy,710.4,Zone 3
C9020,Garoua,Commercial,Premium,662.54,Zone 1
C9542,Garoua,Commercial,Premium,1091.14,Zone 2
C6481,Garoua,Commercial,Basic,561.41,Zone 1
C8390,Garoua,Residential,Economy,955.61,Zone 3
C3047,Garoua,Industrial,Premium,1451.13,Zone 1
C3889,Garoua,Industrial,Basic,233.64,Zone 1
C2406,Garoua,Commercial,Basic,418.95,Zone 2
C2388,Garoua,Industrial,Economy,1368.74,Zone 1
C9896,Garoua,Residential,Economy,849.31,Zone 2
C5901,Garoua,Residential,Economy,747.73,Zone 3
C4548,Garoua,Industrial,Economy,778.66,Zone 1
C1059,Garoua,Residential,Economy,1239.22,Zone 2
C8555,Garoua,Industrial,Premium,567.57,Zone 2
C5018,Garoua,Industrial,Premium,211.82,Zone 3
C1904,Garoua,Industrial,Basic,883.52,Zone 3
C5953,Garoua,Commercial,Premium,701.86,Zone 2
C5716,Garoua,Residential,Premium,1457.52,Zone 2
C9861,Garoua,Commercial,Economy,1146.32,Zone 1
C4504,Garoua,Industrial,Premium,1095.1,Zone 2
C8261,Garoua,Industrial,Premium,1323.91,Zone 3
C3406,Garoua,Commercial,Premium,1102.54,Zone 1
C2802,Garoua,Industrial,Economy,234.6,Zone 1
C7651,Garoua,Residential,Basic,779.73,Zone 1
C9593,Garoua,Industrial,Economy,1455.15,Zone 1
C1991,Garoua,Commercial,Premium,1348.2,Zone 3
C5694,Garoua,Industrial,Basic,1207.36,Zone 3
C9257,Garoua,Industrial,Economy,336.29,Zone 1
C8890,Garoua,Industrial,Basic,355.64,Zone 3
C2032,Garoua,Residential,Premium,716.13,Zone 1
C2105,Garoua,Commercial,Premium,180.62,Zone 3
C8921,Garoua,Industrial,Basic,801.3,Zone 1
C3348,Garoua,Industrial,Basic,249.2,Zone 2
C1127,Garoua,Residential,Basic,285.58,Zone 3
C2095,Garoua,Residential,Economy,225.36,Zone 3
C9705,Garoua,Residential,Economy,752.81,Zone 2
C8178,Garoua,Residential,Economy,147.94,Zone 3
C8219,Garoua,Commercial,Basic,922.87,Zone 1
C8170,Garoua,Industrial,Premium,911.78,Zone 2
C5424,Garoua,Industrial,Premium,1415.33,Zone 1
C1489,Garoua,Commercial,Economy,1185.1,Zone 3
C7598,Garoua,Industrial,Basic,1321.16,Zone 2
C9798,Garoua,Residential,Premium,1081.11,Zone 1
C2561,Garoua,Residential,Economy,527.72,Zone 2
C9320,Garoua,Commercial,Basic,1413.95,Zone 3
C8106,Garoua,Commercial,Economy,1182.87,Zone 1
C5084,Garoua,Residential,Premium,1151.65,Zone 3
C4953,Garoua,Industrial,Basic,418.59,Zone 3
C6924,Garoua,Industrial,Basic,651.99,Zone 3
C5889,Garoua,Commercial,Economy,1247.66,Zone 2
C3990,Garoua,Residential,Basic,104.77,Zone 2
C4703,Garoua,Industrial,Basic,65.25,Zone 3
C1291,Garoua,Industrial,Economy,745.85,Zone 2
C5615,Garoua,Commercial,Premium,1115.94,Zone 2
C8980,Garoua,Commercial,Basic,153.38,Zone 1
C7897,Garoua,Industrial,Basic,1465.4,Zone 2
C6463,Garoua,Residential,Economy,1236.22,Zone 1
C5537,Garoua,Industrial,Premium,1319.39,Zone 1
C5300,Garoua,Industrial,Premium,1192.02,Zone 1
C5045,Garoua,Residential,Premium,1376.58,Zone 2
C9747,Garoua,Industrial,Premium,754.12,Zone 3
C8623,Garoua,Commercial,Economy,518.9,Zone 3
C5218,Garoua,Commercial,Premium,1139.36,Zone 2
C7529,Garoua,Residential,Basic,1370.11,Zone 3
C4207,Garoua,Industrial,Premium,381.56,Zone 3
C7990,Garoua,Commercial,Economy,286.6,Zone 2
C4627,Garoua,Industrial,Basic,1362.6,Zone 1
C2764,Garoua,Commercial,Economy,843.94,Zone 2
C3108,Garoua,Industrial,Economy,1456.26,Zone 2
C1287,Garoua,Commercial,Economy,961.09,Zone 2
C8297,Garoua,Commercial,Economy,444.6,Zone 3
C9459,Garoua,Commercial,Economy,874.32,Zone 2
C5713,Ebolowa,Industrial,Premium,1376.93,Zone 1
C8759,Ebolowa,Residential,Economy,951.31,Zone 2
C3035,Ebolowa,Commercial,Economy,748.12,Zone 1
C3052,Ebolowa,Commercial,Economy,340.71,Zone 2
C1632,Ebolowa,Industrial,Basic,140.07,Zone 2
C1474,Ebolowa,Industrial,Premium,1483.82,Zone 1
C3874,Ebolowa,Industrial,Economy,1360.56,Zone 1
C1675,Ebolowa,Industrial,Premium,1077.9,Zone 3
C5538,Ebolowa,Commercial,Economy,1296.6,Zone 2
C7118,Ebolowa,Industrial,Basic,745.84,Zone 3
C6446,Ebolowa,Residential,Basic,1497.49,Zone 2
C7092,Ebolowa,Commercial,Basic,916.3,Zone 2
C4775,Ebolowa,Commercial,Premium,1117.8,Zone 2
C7409,Ebolowa,Commercial,Premium,1238.79,Zone 2
C7494,Ebolowa,Industrial,Economy,978.47,Zone 1
C2322,Ebolowa,Industrial,Economy,69.54,Zone 1
C6578,Ebolowa,Residential,Premium,198.17,Zone 2
C1358,Ebolowa,Industrial,Basic,1050.74,Zone 3
C4259,Ebolowa,Commercial,Basic,1206.96,Zone 2
C6093,Ebolowa,Industrial,Economy,412.45,Zone 1
C5425,Ebolowa,Commercial,Economy,428.19,Zone 1
C4081,Ebolowa,Commercial,Premium,1287.59,Zone 2
C9847,Ebolowa,Residential,Basic,599.95,Zone 1
C2338,Ebolowa,Industrial,Basic,441.64,Zone 1
C4381,Ebolowa,Industrial,Premium,1448.93,Zone 1
C2466,Ebolowa,Industrial,Basic,520.59,Zone 1
C6367,Ebolowa,Industrial,Basic,733.77,Zone 2
C8992,Ebolowa,Commercial,Premium,89.07,Zone 1
C6455,Ebolowa,Commercial,Economy,146.69,Zone 1
C2583,Ebolowa,Residential,Basic,215.68,Zone 1
C7524,Ebolowa,Industrial,Economy,133.1,Zone 3
C3359,Ebolowa,Industrial,Basic,1058.74,Zone 3
C7340,Ebolowa,Industrial,Basic,1434.49,Zone 3
C3061,Ebolowa,Industrial,Economy,156.86,Zone 3
C8379,Ebolowa,Residential,Premium,1036.99,Zone 3
C8868,Ebolowa,Residential,Basic,432.63,Zone 1
C7657,Ebolowa,Commercial,Economy,739.38,Zone 1
C7626,Ebolowa,Commercial,Premium,1064.51,Zone 3
C4547,Ebolowa,Industrial,Basic,474.2,Zone 1
C3345,Ebolowa,Residential,Economy,333.57,Zone 3
C3250,Ebolowa,Industrial,Basic,406.57,Zone 3
C4992,Ebolowa,Residential,Premium,493.87,Zone 3
C8021,Ebolowa,Residential,Basic,601.15,Zone 3
C7430,Ebolowa,Commercial,Basic,594.93,Zone 3
C2703,Ebolowa,Residential,Basic,951.9,Zone 3
C2025,Ebolowa,Residential,Premium,1494.26,Zone 3
C3251,Ebolowa,Residential,Economy,1003.36,Zone 3
C1752,Ebolowa,Commercial,Basic,1482.09,Zone 2
C7311,Ebolowa,Residential,Basic,699.55,Zone 2
C5111,Ebolowa,Residential,Economy,1193.91,Zone 2
C6774,Ebolowa,Industrial,Economy,948.44,Zone 3
C8016,Ebolowa,Residential,Premium,152.67,Zone 3
C5074,Ebolowa,Residential,Premium,1387.2,Zone 2
C3735,Ebolowa,Residential,Basic,434.12,Zone 3
C6926,Ebolowa,Commercial,Economy,203.91,Zone 2
C8688,Ebolowa,Commercial,Basic,632.55,Zone 1
C8423,Ebolowa,Commercial,Basic,107.44,Zone 2
C1909,Ebolowa,Industrial,Basic,912.28,Zone 1
C2421,Ebolowa,Residential,Basic,1341.04,Zone 3
C6460,Ebolowa,Commercial,Premium,1124.28,Zone 3
C7595,Ebolowa,Commercial,Basic,121.73,Zone 3
C8643,Ebolowa,Industrial,Basic,901.36,Zone 3
C2569,Ebolowa,Commercial,Premium,391.25,Zone 1
C2078,Ebolowa,Commercial,Basic,785.89,Zone 2
C5922,Ebolowa,Commercial,Premium,705.53,Zone 2
C5505,Ebolowa,Industrial,Premium,1432.97,Zone 1
C2172,Ebolowa,Industrial,Premium,891.46,Zone 1
C1347,Ebolowa,Industrial,Economy,579.16,Zone 1
C8877,Ebolowa,Residential,Economy,927.09,Zone 2
C6881,Ebolowa,Commercial,Economy,457.94,Zone 2
C6975,Ebolowa,Commercial,Basic,1056.08,Zone 1
C9194,Ebolowa,Commercial,Premium,700.83,Zone 3
C3284,Ebolowa,Residential,Economy,153.4,Zone 2
C1694,Ebolowa,Residential,Premium,599.06,Zone 3
C2577,Ebolowa,Residential,Basic,111.16,Zone 1
C2514,Ebolowa,Industrial,Premium,843.06,Zone 3
C8579,Ebolowa,Commercial,Premium,973.56,Zone 1
C6765,Ebolowa,Commercial,Economy,720.72,Zone 2
C5282,Ebolowa,Commercial,Premium,402.27,Zone 2
C1033,Ebolowa,Residential,Basic,403.35,Zone 3
C2102,Ebolowa,Industrial,Basic,785.83,Zone 3
C1134,Ebolowa,Residential,Basic,702.5,Zone 1
C2730,Ebolowa,Industrial,Basic,1447.45,Zone 2
C1535,Ebolowa,Commercial,Basic,170.32,Zone 3
C9517,Ebolowa,Commercial,Premium,415.45,Zone 3
C3314,Ebolowa,Residential,Basic,772.95,Zone 1
C4603,Ebolowa,Commercial,Premium,1471.14,Zone 1
C3757,Ebolowa,Industrial,Premium,973.33,Zone 1
C2111,Ebolowa,Commercial,Premium,1128.12,Zone 1
C2532,Ebolowa,Industrial,Basic,450.42,Zone 2
C9802,Ebolowa,Residential,Basic,1281.12,Zone 2
C3618,Ebolowa,Industrial,Economy,311.61,Zone 3
C3502,Ebolowa,Commercial,Basic,67.53,Zone 1
C3627,Ebolowa,Commercial,Basic,1051.71,Zone 2
C6244,Ebolowa,Commercial,Premium,839.54,Zone 3
C4196,Ebolowa,Commercial,Premium,615.42,Zone 3
C7131,Ebolowa,Industrial,Basic,736.07,Zone 2
C8268,Ebolowa,Industrial,Basic,235.83,Zone 3
C7195,Ebolowa,Commercial,Economy,1405.93,Zone 2
C5861,Ebolowa,Residential,Premium,82.12,Zone 2
C5701,Ebolowa,Commercial,Economy,836.28,Zone 3
C8898,Ebolowa,Industrial,Premium,220.64,Zone 2
C3102,Ebolowa,Industrial,Premium,1221.47,Zone 2
C3606,Ebolowa,Industrial,Premium,182.33,Zone 3
C5349,Ebolowa,Commercial,Premium,1382.94,Zone 1
C7195,Ebolowa,Commercial,Basic,623.71,Zone 3
C7230,Ebolowa,Residential,Premium,831.63,Zone 1
C9760,Ebolowa,Residential,Basic,1376.23,Zone 3
C7679,Ebolowa,Commercial,Basic,1143.52,Zone 3
C6999,Ebolowa,Residential,Economy,226.74,Zone 1
C2537,Ebolowa,Commercial,Premium,1286.51,Zone 3
C7718,Ebolowa,Residential,Basic,1178.76,Zone 1
C7936,Ebolowa,Industrial,Economy,257.16,Zone 2
C5140,Ebolowa,Industrial,Basic,873.62,Zone 2
C6581,Ebolowa,Residential,Basic,1394.69,Zone 1
C2750,Ebolowa,Industrial,Basic,1406.71,Zone 3
C1476,Ebolowa,Industrial,Premium,510.23,Zone 1
C1802,Ebolowa,Commercial,Economy,93.84,Zone 1
C2883,Ebolowa,Industrial,Economy,1295.28,Zone 1
C7615,Ebolowa,Industrial,Premium,650.37,Zone 2
C4718,Ebolowa,Commercial,Basic,166.28,Zone 1
C9612,Ebolowa,Commercial,Economy,132.64,Zone 2
C5423,Ebolowa,Industrial,Premium,910.25,Zone 3
C4185,Ebolowa,Industrial,Basic,544.19,Zone 1
C8854,Ebolowa,Commercial,Premium,242.72,Zone 1
C4767,Ebolowa,Industrial,Basic,937.08,Zone 2
C6912,Ebolowa,Residential,Basic,488.46,Zone 1
C3184,Ebolowa,Residential,Economy,133.73,Zone 1
C8346,Ebolowa,Industrial,Economy,482.18,Zone 2
C4860,Ebolowa,Commercial,Premium,900.09,Zone 1
C3894,Ebolowa,Commercial,Basic,905.66,Zone 3
C4953,Ebolowa,Residential,Basic,227.84,Zone 3
C1616,Ebolowa,Industrial,Premium,1375.61,Zone 3
C8671,Ebolowa,Commercial,Economy,1204.72,Zone 3
C5003,Ebolowa,Residential,Economy,1447.05,Zone 2
C6190,Ebolowa,Residential,Economy,1231.3,Zone 2
C3158,Ebolowa,Residential,Premium,601.11,Zone 3
C7714,Ebolowa,Residential,Basic,264.05,Zone 3
C4204,Ebolowa,Industrial,Basic,163.42,Zone 2
C3281,Ebolowa,Residential,Economy,749.69,Zone 1
C5851,Ebolowa,Industrial,Premium,1065.79,Zone 3
C3113,Ebolowa,Residential,Basic,564.94,Zone 3
C6144,Ebolowa,Residential,Economy,316.07,Zone 2
C7025,Ebolowa,Commercial,Premium,97.42,Zone 2
C3282,Ebolowa,Residential,Economy,176.72,Zone 2
C1849,Ebolowa,Residential,Basic,488.23,Zone 1
C9951,Ebolowa,Commercial,Premium,57.57,Zone 2
C6427,Ebolowa,Commercial,Economy,629.07,Zone 3
C9940,Ebolowa,Commercial,Premium,317.99,Zone 1
C1262,Ebolowa,Industrial,Premium,848.59,Zone 3
C5864,Ebolowa,Commercial,Premium,151.08,Zone 3
C3446,Ebolowa,Residential,Premium,923.85,Zone 1
C5016,Ebolowa,Industrial,Premium,1211.94,Zone 2
C4656,Ebolowa,Industrial,Economy,277.28,Zone 1
C5632,Ebolowa,Commercial,Premium,1098.96,Zone 3
C7574,Ebolowa,Industrial,Economy,1192.19,Zone 1
C6769,Ebolowa,Residential,Premium,1193.78,Zone 2
C6121,Ebolowa,Industrial,Premium,531.69,Zone 2
C4191,Ebolowa,Industrial,Basic,502.74,Zone 1
C5243,Ebolowa,Commercial,Basic,381.48,Zone 3
C1746,Ebolowa,Residential,Premium,216.13,Zone 3
C4939,Ebolowa,Industrial,Economy,993.98,Zone 1
C1789,Ebolowa,Commercial,Basic,875.28,Zone 2
C4175,Ebolowa,Industrial,Premium,1198.27,Zone 3
C8162,Ebolowa,Residential,Basic,1233.3,Zone 2
C7889,Ebolowa,Commercial,Premium,940.96,Zone 1
C2185,Ebolowa,Industrial,Basic,492.78,Zone 2
C6004,Ebolowa,Industrial,Premium,1377.5,Zone 1
C1389,Ebolowa,Industrial,Economy,147.44,Zone 3
C5633,Ebolowa,Industrial,Economy,1262.38,Zone 2
C7766,Ebolowa,Commercial,Economy,414.18,Zone 1
C8914,Ebolowa,Residential,Premium,421.2,Zone 1
C5291,Ebolowa,Commercial,Premium,389.6,Zone 1
C7523,Ebolowa,Commercial,Basic,248.78,Zone 3
C5357,Ebolowa,Commercial,Basic,123.01,Zone 1
C5551,Ebolowa,Commercial,Basic,705.06,Zone 1
C5813,Ebolowa,Industrial,Basic,505.16,Zone 3
C7879,Ebolowa,Industrial,Economy,989.2,Zone 3
C3206,Ebolowa,Commercial,Basic,1345.16,Zone 3
C3501,Ebolowa,Residential,Premium,685.68,Zone 1
C3230,Ebolowa,Residential,Premium,1124.12,Zone 1
C7335,Ebolowa,Industrial,Basic,765.53,Zone 2
C8779,Ebolowa,Residential,Premium,1204.45,Zone 2
C5560,Ebolowa,Industrial,Premium,1169.61,Zone 1
C9494,Ebolowa,Industrial,Economy,782.76,Zone 1
C9160,Ebolowa,Residential,Basic,214.84,Zone 3
C4245,Ebolowa,Industrial,Economy,453.14,Zone 2
C6097,Ebolowa,Residential,Premium,1332.1,Zone 3
C5285,Ebolowa,Residential,Premium,1463.89,Zone 2
C7870,Ebolowa,Commercial,Economy,630.95,Zone 1
C2038,Ebolowa,Commercial,Premium,129.12,Zone 3
C6294,Ebolowa,Industrial,Basic,304.08,Zone 2
C6379,Ebolowa,Industrial,Premium,909.3,Zone 1
C8046,Ebolowa,Residential,Premium,121.77,Zone 2
C1998,Ebolowa,Commercial,Economy,1339.72,Zone 3
C9605,Ebolowa,Residential,Premium,287.19,Zone 3
C7646,Ebolowa,Residential,Economy,773.49,Zone 2
C9704,Ebolowa,Commercial,Economy,1083.78,Zone 2
C6374,Ebolowa,Commercial,Premium,178.84,Zone 3
C1779,Ebolowa,Residential,Economy,262.28,Zone 1
C9702,Bertoua,Commercial,Basic,677.09,Zone 1
C4809,Bertoua,Commercial,Basic,904.02,Zone 1
C6836,Bertoua,Commercial,Economy,729.27,Zone 2
C3618,Bertoua,Residential,Premium,1257.27,Zone 3
C2002,Bertoua,Commercial,Premium,1077.16,Zone 1
C1462,Bertoua,Commercial,Basic,284.77,Zone 2
C4620,Bertoua,Industrial,Premium,891.42,Zone 1
C4607,Bertoua,Industrial,Economy,874.83,Zone 3
C2302,Bertoua,Industrial,Economy,793.58,Zone 1
C4598,Bertoua,Residential,Economy,227.43,Zone 1
C9101,Bertoua,Residential,Economy,1410.23,Zone 3
C2509,Bertoua,Commercial,Economy,1430.28,Zone 1
C9082,Bertoua,Residential,Economy,197.61,Zone 3
C2140,Bertoua,Commercial,Basic,449.9,Zone 2
C9842,Bertoua,Industrial,Basic,1473.86,Zone 1
C6874,Bertoua,Commercial,Premium,701.86,Zone 2
C8005,Bertoua,Residential,Basic,1308.36,Zone 1
C1454,Bertoua,Industrial,Premium,222.41,Zone 1
C1426,Bertoua,Residential,Premium,741.05,Zone 3
C8092,Bertoua,Residential,Basic,1165.37,Zone 2
C4760,Bertoua,Industrial,Premium,1275.55,Zone 1
C6779,Bertoua,Industrial,Basic,156.87,Zone 2
C6983,Bertoua,Industrial,Premium,1001.62,Zone 3
C7885,Bertoua,Industrial,Economy,1085.47,Zone 2
C1287,Bertoua,Residential,Premium,51.95,Zone 2
C7178,Bertoua,Commercial,Basic,571.4,Zone 2
C8702,Bertoua,Industrial,Basic,496.55,Zone 3
C3713,Bertoua,Commercial,Basic,203.13,Zone 2
C2722,Bertoua,Commercial,Basic,98.79,Zone 2
C3513,Bertoua,Industrial,Premium,421.22,Zone 1
C8003,Bertoua,Industrial,Basic,681.95,Zone 3
C4403,Bertoua,Industrial,Economy,1117.16,Zone 3
C6182,Bertoua,Commercial,Premium,1268.45,Zone 1
C1978,Bertoua,Commercial,Economy,881.32,Zone 2
C8551,Bertoua,Commercial,Basic,114.73,Zone 1
C3412,Bertoua,Industrial,Basic,1274.55,Zone 3
C3951,Bertoua,Commercial,Economy,330.64,Zone 2
C5720,Bertoua,Industrial,Economy,1059.32,Zone 2
C8868,Bertoua,Commercial,Basic,1136.34,Zone 2
C3350,Bertoua,Commercial,Economy,110.2,Zone 3
C6371,Bertoua,Residential,Basic,1329.48,Zone 3
C4036,Bertoua,Industrial,Economy,631.44,Zone 1
C2618,Bertoua,Industrial,Premium,1212.18,Zone 2
C2085,Bertoua,Industrial,Premium,740.55,Zone 3
C7626,Bertoua,Residential,Premium,1364.32,Zone 1
C6488,Bertoua,Industrial,Economy,1073.25,Zone 2
C6470,Bertoua,Commercial,Basic,1114.04,Zone 3
C2183,Bertoua,Residential,Basic,1335.81,Zone 1
C3380,Bertoua,Residential,Premium,230.97,Zone 3
C8316,Bertoua,Industrial,Basic,1133.67,Zone 1
C3264,Bertoua,Residential,Premium,1119.47,Zone 1
C2740,Bertoua,Residential,Economy,976.25,Zone 2
C5863,Bertoua,Industrial,Basic,1157.02,Zone 2
C1915,Bertoua,Industrial,Premium,1187.57,Zone 3
C4392,Bertoua,Residential,Economy,1339.45,Zone 3
C3238,Bertoua,Industrial,Premium,1135.05,Zone 3
C9435,Bertoua,Residential,Basic,1088,Zone 3
C8218,Bertoua,Commercial,Economy,1071.98,Zone 1
C9263,Bertoua,Residential,Premium,977.51,Zone 2
C7309,Bertoua,Commercial,Economy,1265.94,Zone 1
C2002,Bertoua,Commercial,Premium,194.39,Zone 2
C9035,Bertoua,Commercial,Economy,874.89,Zone 3
C9559,Bertoua,Commercial,Basic,379.25,Zone 1
C2723,Bertoua,Residential,Premium,169.76,Zone 3
C4165,Bertoua,Industrial,Premium,1328.72,Zone 1
C2629,Bertoua,Commercial,Economy,1282.48,Zone 2
C9516,Bertoua,Residential,Economy,511.94,Zone 1
C6776,Bertoua,Residential,Premium,1008.49,Zone 2
C7629,Bertoua,Commercial,Premium,770.35,Zone 2
C8698,Bertoua,Residential,Basic,1472.9,Zone 1
C6811,Bertoua,Industrial,Basic,645.76,Zone 2
C2888,Bertoua,Industrial,Premium,775.7,Zone 3
C3557,Bertoua,Residential,Premium,1159.92,Zone 1
C8255,Bertoua,Industrial,Premium,762.13,Zone 1
C2249,Bertoua,Commercial,Basic,912.23,Zone 3
C2960,Bertoua,Industrial,Premium,62.36,Zone 3
C4174,Bertoua,Commercial,Basic,1154.11,Zone 3
C2355,Bertoua,Industrial,Premium,431.31,Zone 1
C8566,Bertoua,Industrial,Premium,242.4,Zone 3
C9976,Bertoua,Residential,Basic,634.88,Zone 3
C5429,Bertoua,Residential,Premium,783.27,Zone 2
C4443,Bertoua,Commercial,Economy,450.46,Zone 2
C3998,Bertoua,Commercial,Premium,942.75,Zone 2
C6715,Bertoua,Commercial,Economy,598.08,Zone 2
C2413,Bertoua,Industrial,Economy,768.56,Zone 1
C6818,Bertoua,Industrial,Economy,181.76,Zone 3
C5270,Bertoua,Industrial,Basic,679.13,Zone 2
C1761,Bertoua,Industrial,Basic,467.2,Zone 3
C8413,Bertoua,Industrial,Basic,282.38,Zone 1
C1010,Bertoua,Commercial,Economy,761.04,Zone 1
C9737,Bertoua,Commercial,Basic,316.63,Zone 3
C9539,Bertoua,Residential,Premium,1286.94,Zone 2
C4903,Bertoua,Commercial,Basic,978.64,Zone 1
C9779,Bertoua,Industrial,Economy,1470.61,Zone 3
C5105,Bertoua,Industrial,Basic,1031.07,Zone 2
C3603,Bertoua,Residential,Basic,661.12,Zone 2
C1301,Bertoua,Industrial,Basic,432.71,Zone 1
C7312,Bertoua,Commercial,Economy,463.55,Zone 1
C1021,Bertoua,Residential,Basic,1319.42,Zone 2
C2280,Bertoua,Commercial,Basic,634.84,Zone 1
C9905,Bertoua,Industrial,Economy,1273.04,Zone 3
C3969,Bertoua,Commercial,Economy,966.71,Zone 1
C3467,Bertoua,Industrial,Basic,485.23,Zone 1
C9371,Bertoua,Industrial,Basic,483.61,Zone 1
C7248,Bertoua,Residential,Basic,836.42,Zone 2
C5216,Bertoua,Residential,Premium,882.75,Zone 1
C3078,Bertoua,Commercial,Basic,760.99,Zone 2
C1436,Bertoua,Residential,Basic,783.51,Zone 3
C7812,Bertoua,Industrial,Premium,1025.37,Zone 2
C4147,Bertoua,Industrial,Basic,1411.93,Zone 3
C1635,Bertoua,Industrial,Basic,682.37,Zone 2
C8842,Bertoua,Residential,Premium,597.46,Zone 2
C5661,Bertoua,Residential,Premium,80.5,Zone 3
C5318,Bertoua,Residential,Premium,1407.63,Zone 2
C7074,Bertoua,Residential,Premium,476.75,Zone 1
C6239,Bertoua,Residential,Economy,861.77,Zone 2
C8957,Bertoua,Residential,Economy,134.23,Zone 2
C6646,Bertoua,Residential,Basic,721.27,Zone 1
C1702,Bertoua,Industrial,Economy,1078.68,Zone 3
C8761,Bertoua,Residential,Basic,451.58,Zone 2
C2261,Bertoua,Commercial,Basic,380.38,Zone 1
C9504,Bertoua,Commercial,Economy,197.83,Zone 1
C5330,Bertoua,Industrial,Basic,729.94,Zone 1
C8576,Bertoua,Industrial,Premium,971.75,Zone 3
C3243,Bertoua,Commercial,Premium,1091.92,Zone 2
C6946,Bertoua,Commercial,Economy,55.22,Zone 1
C3694,Bertoua,Industrial,Economy,115.81,Zone 1
C7348,Bertoua,Industrial,Economy,481.3,Zone 3
C3260,Bertoua,Industrial,Economy,1464.28,Zone 3
C4913,Bertoua,Commercial,Economy,378.16,Zone 3
C7293,Bertoua,Residential,Basic,1484.79,Zone 1
C5099,Bertoua,Residential,Basic,715.74,Zone 1
C4145,Bertoua,Commercial,Economy,612.53,Zone 1
C8708,Bertoua,Residential,Basic,882.92,Zone 1
C9128,Bertoua,Commercial,Premium,1037.71,Zone 3
C2567,Bertoua,Commercial,Basic,888.28,Zone 3
C6457,Bertoua,Residential,Economy,1369.24,Zone 1
C1445,Bertoua,Industrial,Premium,1263.11,Zone 2
C8235,Bertoua,Residential,Economy,1080.44,Zone 3
C7501,Bertoua,Residential,Basic,733.02,Zone 2
C1666,Bertoua,Residential,Basic,984.83,Zone 1
C6163,Bertoua,Industrial,Basic,296.59,Zone 1
C2175,Bertoua,Industrial,Basic,1261.4,Zone 1
C7853,Bertoua,Residential,Economy,616.91,Zone 3
C4350,Bertoua,Industrial,Premium,583.56,Zone 1
C9141,Bertoua,Commercial,Economy,625.78,Zone 2
C9332,Bertoua,Commercial,Premium,1463.63,Zone 1
C5690,Bertoua,Commercial,Premium,575.46,Zone 3
C5608,Bertoua,Commercial,Premium,1206.68,Zone 1
C1066,Bertoua,Residential,Basic,134.55,Zone 2
C7544,Bertoua,Residential,Basic,873.6,Zone 2
C2234,Bertoua,Residential,Premium,1491.81,Zone 2
C1369,Bertoua,Commercial,Premium,486.49,Zone 2
C8568,Bertoua,Commercial,Basic,801.02,Zone 3
C1745,Bertoua,Industrial,Economy,58.62,Zone 2
C2527,Bertoua,Industrial,Economy,366.27,Zone 2
C3012,Bertoua,Commercial,Premium,276.99,Zone 2
C5083,Bertoua,Industrial,Basic,673.49,Zone 1
C2972,Bertoua,Commercial,Premium,728.32,Zone 3
C2628,Bertoua,Residential,Economy,664.21,Zone 3
C2283,Bertoua,Industrial,Basic,1371.12,Zone 3
C1009,Bertoua,Residential,Premium,851.52,Zone 3
C1645,Bertoua,Commercial,Basic,1378.08,Zone 1
C4468,Bertoua,Industrial,Economy,944.99,Zone 1
C2688,Bertoua,Residential,Basic,1070.42,Zone 2
C3055,Bertoua,Commercial,Basic,1290.4,Zone 1
C4895,Bertoua,Commercial,Premium,331.29,Zone 3
C2928,Bertoua,Commercial,Economy,1300,Zone 2
C7031,Bertoua,Industrial,Basic,104.44,Zone 1
C4313,Bertoua,Industrial,Economy,993.81,Zone 3
C3876,Bertoua,Residential,Basic,1133.12,Zone 3
C6258,Bertoua,Industrial,Basic,683.31,Zone 2
C5773,Bertoua,Commercial,Economy,833.69,Zone 2
C2019,Bertoua,Residential,Basic,1217.34,Zone 1
C6524,Bertoua,Residential,Premium,1391.21,Zone 2
C7586,Bertoua,Residential,Economy,1267.89,Zone 2
C7039,Bertoua,Commercial,Premium,124,Zone 3
C7107,Bertoua,Residential,Economy,802.03,Zone 1
C5651,Bertoua,Industrial,Economy,514.94,Zone 3
C4205,Bertoua,Commercial,Basic,561.09,Zone 2
C4994,Bertoua,Industrial,Basic,646.58,Zone 1
C4552,Bertoua,Commercial,Basic,1019.39,Zone 2
C7128,Bertoua,Residential,Premium,898.66,Zone 2
C5065,Bertoua,Residential,Economy,146.69,Zone 1
C5100,Bertoua,Industrial,Basic,1060.38,Zone 1
C5129,Bertoua,Residential,Economy,362.81,Zone 2
C3341,Bertoua,Industrial,Basic,841.9,Zone 3
C3741,Bertoua,Residential,Economy,608.05,Zone 2
C1936,Bertoua,Industrial,Premium,1449.2,Zone 1
C5755,Bertoua,Industrial,Basic,99.02,Zone 3
C7632,Bertoua,Commercial,Economy,185.51,Zone 2
C7347,Bertoua,Commercial,Basic,1048.84,Zone 2
C3093,Bertoua,Commercial,Premium,632.83,Zone 2
C8764,Bertoua,Commercial,Basic,731.57,Zone 3
C2033,Bertoua,Industrial,Premium,746.95,Zone 3
C7600,Bertoua,Residential,Economy,1206.49,Zone 1
C9767,Bertoua,Industrial,Basic,590.53,Zone 3
C1464,Bertoua,Commercial,Basic,996.43,Zone 1
C9257,Bertoua,Commercial,Economy,182.75,Zone 2
C9809,Bertoua,Commercial,Premium,534.11,Zone 1
C6626,Bafoussam,Residential,Economy,1428.14,Zone 2
C6928,Bafoussam,Industrial,Economy,668.53,Zone 1
C9795,Bafoussam,Industrial,Premium,848.49,Zone 2
C5482,Bafoussam,Residential,Premium,1148.73,Zone 1
C5886,Bafoussam,Industrial,Basic,777.18,Zone 3
C9891,Bafoussam,Industrial,Basic,709.38,Zone 3
C9067,Bafoussam,Residential,Basic,621.21,Zone 2
C1186,Bafoussam,Residential,Economy,1004.79,Zone 3
C9168,Bafoussam,Industrial,Premium,1330.42,Zone 2
C8813,Bafoussam,Residential,Basic,1130.17,Zone 2
C7073,Bafoussam,Residential,Economy,79.14,Zone 2
C8749,Bafoussam,Industrial,Economy,1341.82,Zone 3
C4343,Bafoussam,Industrial,Economy,819.23,Zone 1
C2791,Bafoussam,Commercial,Premium,1106.95,Zone 1
C7615,Bafoussam,Industrial,Basic,1190.49,Zone 1
C4830,Bafoussam,Commercial,Economy,867.12,Zone 1
C6189,Bafoussam,Industrial,Premium,870.37,Zone 2
C4347,Bafoussam,Industrial,Economy,1333.91,Zone 2
C3792,Bafoussam,Commercial,Premium,988.64,Zone 2
C6065,Bafoussam,Industrial,Economy,1333.7,Zone 2
C9202,Bafoussam,Residential,Premium,1245.82,Zone 1
C6730,Bafoussam,Commercial,Economy,368.3,Zone 1
C3764,Bafoussam,Industrial,Basic,1117.49,Zone 1
C4535,Bafoussam,Commercial,Economy,857.99,Zone 2
C2843,Bafoussam,Commercial,Basic,592.88,Zone 1
C2699,Bafoussam,Residential,Economy,702.97,Zone 2
C1979,Bafoussam,Industrial,Premium,1353.12,Zone 3
C9168,Bafoussam,Residential,Economy,1381.28,Zone 1
C8475,Bafoussam,Industrial,Economy,1456.42,Zone 1
C1281,Bafoussam,Commercial,Basic,1400.72,Zone 2
C9017,Bafoussam,Commercial,Premium,369.78,Zone 3
C9843,Bafoussam,Industrial,Economy,440.89,Zone 3
C7382,Bafoussam,Residential,Basic,722.88,Zone 3
C1980,Bafoussam,Commercial,Basic,265.89,Zone 1
C3413,Bafoussam,Commercial,Basic,194.07,Zone 3
C4921,Bafoussam,Industrial,Basic,643.9,Zone 1
C3805,Bafoussam,Industrial,Premium,1431.29,Zone 2
C5099,Bafoussam,Residential,Premium,575.17,Zone 1
C6066,Bafoussam,Residential,Premium,320.96,Zone 1
C3310,Bafoussam,Residential,Economy,75.24,Zone 3
C7604,Bafoussam,Commercial,Economy,323.55,Zone 1
C4000,Bafoussam,Commercial,Economy,497.57,Zone 2
C2723,Bafoussam,Commercial,Basic,674.78,Zone 2
C6135,Bafoussam,Industrial,Economy,168.74,Zone 2
C3665,Bafoussam,Commercial,Premium,1387.25,Zone 1
C4481,Bafoussam,Residential,Economy,1313.69,Zone 2
C8038,Bafoussam,Residential,Basic,1154.65,Zone 2
C6401,Bafoussam,Industrial,Basic,160.68,Zone 1
C4591,Bafoussam,Commercial,Premium,1057.66,Zone 2
C2477,Bafoussam,Commercial,Economy,532.65,Zone 1
C3733,Bafoussam,Industrial,Premium,191.01,Zone 3
C2768,Bafoussam,Industrial,Economy,1487.02,Zone 3
C1140,Bafoussam,Commercial,Basic,89.59,Zone 3
C2795,Bafoussam,Industrial,Basic,1373.33,Zone 3
C2307,Bafoussam,Commercial,Basic,1335.7,Zone 3
C5316,Bafoussam,Commercial,Basic,60.68,Zone 1
C5394,Bafoussam,Residential,Premium,786.26,Zone 1
C5757,Bafoussam,Commercial,Economy,1118.97,Zone 3
C9077,Bafoussam,Industrial,Premium,303.84,Zone 1
C2995,Bafoussam,Commercial,Premium,1305.78,Zone 3
C1259,Bafoussam,Commercial,Basic,871.94,Zone 2
C2615,Bafoussam,Residential,Economy,89.43,Zone 1
C8580,Bafoussam,Residential,Premium,1274.68,Zone 1
C5876,Bafoussam,Commercial,Premium,447.68,Zone 3
C1802,Bafoussam,Industrial,Basic,767.96,Zone 2
C4810,Bafoussam,Commercial,Premium,954.49,Zone 1
C1240,Bafoussam,Residential,Economy,1237.15,Zone 2
C5087,Bafoussam,Commercial,Basic,142.45,Zone 2
C2328,Bafoussam,Industrial,Basic,348.23,Zone 2
C3284,Bafoussam,Commercial,Economy,1248.85,Zone 3
C6225,Bafoussam,Residential,Basic,383.3,Zone 3
C8119,Bafoussam,Residential,Premium,1376.97,Zone 2
C4260,Bafoussam,Commercial,Premium,836.77,Zone 2
C6782,Bafoussam,Residential,Premium,56.99,Zone 1
C4052,Bafoussam,Industrial,Premium,656.25,Zone 2
C1939,Bafoussam,Industrial,Economy,369.29,Zone 3
C2490,Bafoussam,Commercial,Basic,740.48,Zone 1
C3606,Bafoussam,Residential,Economy,709.75,Zone 3
C1166,Bafoussam,Industrial,Basic,144.47,Zone 2
C6374,Bafoussam,Residential,Basic,308.45,Zone 2
C8140,Bafoussam,Residential,Economy,1036.45,Zone 3
C3627,Bafoussam,Residential,Economy,572.13,Zone 1
C6208,Bafoussam,Industrial,Economy,1128.1,Zone 2
C7710,Bafoussam,Residential,Premium,485.98,Zone 2
C9038,Bafoussam,Industrial,Economy,765.36,Zone 1
C1613,Bafoussam,Commercial,Basic,1173.39,Zone 3
C7290,Bafoussam,Commercial,Economy,1120.82,Zone 3
C8630,Bafoussam,Industrial,Economy,1421.35,Zone 1
C1976,Bafoussam,Industrial,Premium,914.24,Zone 3
C9095,Bafoussam,Industrial,Premium,601.33,Zone 3
C2024,Bafoussam,Industrial,Basic,92.96,Zone 3
C7384,Bafoussam,Industrial,Premium,743.05,Zone 1
C4386,Bafoussam,Commercial,Basic,1022.83,Zone 1
C8306,Bafoussam,Residential,Basic,1193.16,Zone 3
C9903,Bafoussam,Commercial,Premium,1404.81,Zone 2
C3722,Bafoussam,Industrial,Premium,325.18,Zone 2
C6220,Bafoussam,Residential,Premium,520.85,Zone 3
C4832,Bafoussam,Residential,Basic,445.55,Zone 3
C4083,Bafoussam,Commercial,Premium,1384.8,Zone 3
C9449,Bafoussam,Industrial,Basic,820.13,Zone 3
C7471,Bafoussam,Industrial,Premium,117.54,Zone 2
C2911,Bafoussam,Industrial,Economy,516.4,Zone 1
C7823,Bafoussam,Commercial,Premium,1343.68,Zone 2
C7258,Bafoussam,Residential,Basic,657.15,Zone 1
C7300,Bafoussam,Commercial,Basic,757,Zone 2
C2120,Bafoussam,Residential,Economy,815.04,Zone 2
C7217,Bafoussam,Commercial,Basic,1211.27,Zone 1
C5017,Bafoussam,Industrial,Premium,977.04,Zone 2
C7924,Bafoussam,Residential,Basic,1286.78,Zone 3
C7869,Bafoussam,Commercial,Basic,848.39,Zone 1
C3506,Bafoussam,Residential,Economy,815.39,Zone 1
C3352,Bafoussam,Commercial,Economy,1487.66,Zone 3
C4713,Bafoussam,Residential,Economy,779.77,Zone 1
C7082,Bafoussam,Residential,Basic,529.87,Zone 2
C9671,Bafoussam,Industrial,Premium,483.88,Zone 3
C4585,Bafoussam,Commercial,Basic,444.25,Zone 3
C7603,Bafoussam,Industrial,Economy,305.15,Zone 3
C5014,Bafoussam,Industrial,Basic,640.92,Zone 2
C7843,Bafoussam,Residential,Economy,297.22,Zone 1
C8859,Bafoussam,Commercial,Basic,949.32,Zone 2
C9254,Bafoussam,Industrial,Economy,940.34,Zone 1
C4596,Bafoussam,Commercial,Basic,95.69,Zone 1
C4518,Bafoussam,Industrial,Premium,1178.44,Zone 2
C4252,Bafoussam,Residential,Premium,351.51,Zone 2
C4767,Bafoussam,Residential,Economy,1010.96,Zone 2
C7442,Bafoussam,Residential,Premium,1209.34,Zone 3
C7613,Bafoussam,Residential,Economy,1070.01,Zone 1
C8446,Bafoussam,Residential,Premium,224.61,Zone 1
C3236,Bafoussam,Industrial,Premium,1358.62,Zone 1
C4933,Bafoussam,Industrial,Premium,1407.57,Zone 3
C3909,Bafoussam,Industrial,Premium,473.14,Zone 3
C1164,Bafoussam,Residential,Economy,581.3,Zone 2
C6284,Bafoussam,Residential,Basic,842.35,Zone 2
C3339,Bafoussam,Residential,Basic,1485.76,Zone 1
C5905,Bafoussam,Residential,Economy,738.42,Zone 2
C6875,Bafoussam,Industrial,Economy,1166.83,Zone 2
C3742,Bafoussam,Residential,Economy,236.45,Zone 2
C9287,Bafoussam,Industrial,Economy,1196.27,Zone 2
C5993,Bafoussam,Residential,Premium,847.94,Zone 1
C5347,Bafoussam,Commercial,Basic,763.15,Zone 3
C3396,Bafoussam,Residential,Premium,355.59,Zone 1
C3871,Bafoussam,Residential,Basic,671.89,Zone 3
C9377,Bafoussam,Residential,Basic,324.35,Zone 1
C7781,Bafoussam,Commercial,Premium,764.89,Zone 3
C3503,Bafoussam,Residential,Basic,413.25,Zone 2
C8661,Bafoussam,Commercial,Premium,1021.95,Zone 2
C4354,Bafoussam,Commercial,Economy,394.66,Zone 2
C6022,Bafoussam,Industrial,Basic,650.27,Zone 1
C2318,Bafoussam,Commercial,Basic,298.16,Zone 1
C1840,Bafoussam,Industrial,Basic,1371.97,Zone 3
C4977,Bafoussam,Commercial,Premium,407.34,Zone 1
C3755,Bafoussam,Residential,Basic,1427.63,Zone 1
C7097,Bafoussam,Commercial,Basic,424.43,Zone 2
C7746,Bafoussam,Commercial,Basic,148.22,Zone 1
C3715,Bafoussam,Residential,Economy,422.32,Zone 1
C2063,Bafoussam,Industrial,Economy,1322.99,Zone 3
C2248,Bafoussam,Commercial,Economy,1023.78,Zone 1
C9689,Bafoussam,Residential,Basic,550.83,Zone 3
C9467,Bafoussam,Residential,Basic,1138.38,Zone 1
C3799,Bafoussam,Residential,Basic,342.81,Zone 1
C1405,Bafoussam,Residential,Basic,540.09,Zone 3
C6620,Bafoussam,Commercial,Basic,777.53,Zone 1
C7281,Bafoussam,Industrial,Economy,1167.74,Zone 1
C5772,Bafoussam,Residential,Premium,70.09,Zone 2
C4616,Bafoussam,Commercial,Premium,133.1,Zone 3
C1539,Bafoussam,Commercial,Basic,765.09,Zone 1
C3209,Bafoussam,Commercial,Economy,1492.36,Zone 1
C5073,Bafoussam,Residential,Basic,114.82,Zone 1
C3742,Bafoussam,Residential,Basic,665.76,Zone 2
C4035,Bafoussam,Commercial,Premium,111.66,Zone 2
C8543,Bafoussam,Industrial,Basic,1129.5,Zone 1
C7058,Bafoussam,Industrial,Economy,646.37,Zone 3
C5072,Bafoussam,Industrial,Economy,1237.64,Zone 3
C1538,Bafoussam,Industrial,Premium,805.43,Zone 2
C1692,Bafoussam,Commercial,Premium,1209.28,Zone 3
C5389,Bafoussam,Commercial,Economy,1083.12,Zone 1
C5181,Bafoussam,Residential,Basic,1444.86,Zone 1
C6074,Bafoussam,Residential,Economy,101.25,Zone 1
C2342,Bafoussam,Residential,Economy,796.61,Zone 2
C3613,Bafoussam,Commercial,Premium,284.52,Zone 3
C6306,Bafoussam,Industrial,Premium,749.94,Zone 2
C3298,Bafoussam,Residential,Basic,1438.71,Zone 3
C1248,Bafoussam,Industrial,Basic,1290.17,Zone 2
C1614,Bafoussam,Residential,Premium,955.35,Zone 2
C5718,Bafoussam,Industrial,Premium,156.78,Zone 1
C1229,Bafoussam,Residential,Economy,549.85,Zone 1
C1295,Bafoussam,Commercial,Basic,768.11,Zone 1
C9097,Bafoussam,Residential,Basic,1310.08,Zone 3
C8789,Bafoussam,Commercial,Economy,1062.88,Zone 1
C6650,Bafoussam,Residential,Premium,782.06,Zone 3
C9976,Bafoussam,Industrial,Basic,1311.24,Zone 1
C3919,Bafoussam,Residential,Economy,845.26,Zone 2
C9277,Bafoussam,Residential,Economy,367.74,Zone 1
C3887,Bafoussam,Industrial,Basic,325.72,Zone 3
C3367,Bafoussam,Commercial,Economy,902.57,Zone 3
C7315,Bafoussam,Commercial,Basic,727.31,Zone 2
C1636,Bafoussam,Residential,Economy,106.54,Zone 1
C4786,Bafoussam,Residential,Premium,1343.5,Zone 2
C7449,Bafoussam,Residential,Basic,686.65,Zone 1
C8306,Bafoussam,Residential,Premium,818.25,Zone 2
C2754,Ngaoundéré,Commercial,Basic,835.27,Zone 3
C5189,Ngaoundéré,Industrial,Economy,345.96,Zone 3
C5213,Ngaoundéré,Commercial,Basic,757.96,Zone 2
C3559,Ngaoundéré,Residential,Economy,75.09,Zone 1
C4715,Ngaoundéré,Commercial,Premium,386.75,Zone 1
C4483,Ngaoundéré,Commercial,Basic,1257.38,Zone 1
C6023,Ngaoundéré,Residential,Economy,1217.62,Zone 1
C4327,Ngaoundéré,Industrial,Basic,91.84,Zone 3
C2661,Ngaoundéré,Industrial,Premium,515.28,Zone 1
C2291,Ngaoundéré,Residential,Basic,619.06,Zone 3
C7368,Ngaoundéré,Commercial,Economy,907.63,Zone 2
C4599,Ngaoundéré,Residential,Basic,103.33,Zone 3
C6318,Ngaoundéré,Commercial,Economy,1223.67,Zone 1
C3843,Ngaoundéré,Commercial,Basic,740.01,Zone 2
C2367,Ngaoundéré,Commercial,Basic,452.7,Zone 2
C3967,Ngaoundéré,Industrial,Basic,693.29,Zone 1
C9885,Ngaoundéré,Commercial,Premium,1453.63,Zone 3
C2965,Ngaoundéré,Commercial,Premium,752.51,Zone 2
C5560,Ngaoundéré,Residential,Basic,1246.66,Zone 3
C2263,Ngaoundéré,Residential,Basic,1240.09,Zone 1
C6721,Ngaoundéré,Residential,Premium,612.59,Zone 1
C7592,Ngaoundéré,Industrial,Economy,1224.14,Zone 1
C7266,Ngaoundéré,Commercial,Economy,1290.41,Zone 2
C8733,Ngaoundéré,Commercial,Economy,313.77,Zone 3
C6286,Ngaoundéré,Commercial,Economy,1407.54,Zone 3
C2234,Ngaoundéré,Commercial,Premium,692.85,Zone 2
C7923,Ngaoundéré,Industrial,Basic,292.01,Zone 3
C5760,Ngaoundéré,Industrial,Basic,1120,Zone 1
C2639,Ngaoundéré,Commercial,Economy,1300.87,Zone 3
C9584,Ngaoundéré,Commercial,Premium,564.29,Zone 1
C4824,Ngaoundéré,Commercial,Basic,975.54,Zone 3
C2986,Ngaoundéré,Industrial,Basic,1029.54,Zone 1
C9493,Ngaoundéré,Residential,Basic,685.85,Zone 1
C8140,Ngaoundéré,Commercial,Economy,878.04,Zone 1
C7776,Ngaoundéré,Industrial,Economy,234.2,Zone 2
C2922,Ngaoundéré,Residential,Premium,648.68,Zone 3
C9922,Ngaoundéré,Residential,Economy,1138.04,Zone 1
C8011,Ngaoundéré,Industrial,Economy,536.77,Zone 3
C3474,Ngaoundéré,Industrial,Premium,1405.52,Zone 2
C6510,Ngaoundéré,Residential,Basic,986.03,Zone 1
C2724,Ngaoundéré,Industrial,Economy,869.62,Zone 3
C4031,Ngaoundéré,Commercial,Economy,1086.38,Zone 2
C2770,Ngaoundéré,Residential,Premium,696.46,Zone 2
C8205,Ngaoundéré,Industrial,Economy,1270.56,Zone 1
C3494,Ngaoundéré,Commercial,Basic,872.11,Zone 1
C5303,Ngaoundéré,Industrial,Premium,641.83,Zone 2
C4880,Ngaoundéré,Industrial,Basic,1073.12,Zone 1
C5893,Ngaoundéré,Residential,Premium,57.46,Zone 2
C4792,Ngaoundéré,Industrial,Premium,527.03,Zone 1
C6066,Ngaoundéré,Commercial,Economy,98,Zone 3
C1720,Ngaoundéré,Industrial,Basic,191.04,Zone 2
C7207,Ngaoundéré,Commercial,Economy,1061.87,Zone 1
C5913,Ngaoundéré,Residential,Economy,413.71,Zone 3
C5816,Ngaoundéré,Industrial,Economy,950.82,Zone 2
C6112,Ngaoundéré,Residential,Premium,925.86,Zone 2
C8988,Ngaoundéré,Residential,Premium,322.84,Zone 3
C4062,Ngaoundéré,Commercial,Premium,845.91,Zone 3
C7051,Ngaoundéré,Commercial,Basic,1329.53,Zone 3
C4478,Ngaoundéré,Commercial,Economy,515.37,Zone 1
C1568,Ngaoundéré,Commercial,Premium,969.09,Zone 1
C3727,Ngaoundéré,Commercial,Basic,373.84,Zone 2
C7860,Ngaoundéré,Industrial,Premium,209.59,Zone 3
C7046,Ngaoundéré,Residential,Premium,1383.84,Zone 1
C2086,Ngaoundéré,Residential,Economy,643.04,Zone 2
C9494,Ngaoundéré,Commercial,Economy,428.47,Zone 2
C8103,Ngaoundéré,Residential,Premium,1381.19,Zone 3
C2491,Ngaoundéré,Industrial,Premium,1413.52,Zone 2
C3586,Ngaoundéré,Commercial,Premium,1173.42,Zone 2
C3012,Ngaoundéré,Commercial,Premium,557.91,Zone 3
C9972,Ngaoundéré,Commercial,Premium,1476.75,Zone 3
C6919,Ngaoundéré,Commercial,Economy,735.5,Zone 2
C6626,Ngaoundéré,Industrial,Basic,444.5,Zone 3
C5542,Ngaoundéré,Commercial,Premium,1351.44,Zone 1
C5197,Ngaoundéré,Industrial,Premium,851.92,Zone 2
C9945,Ngaoundéré,Commercial,Basic,580.41,Zone 1
C9074,Ngaoundéré,Commercial,Premium,924.39,Zone 3
C6889,Ngaoundéré,Residential,Basic,1443.63,Zone 2
C5924,Ngaoundéré,Industrial,Premium,562.16,Zone 3
C1524,Ngaoundéré,Residential,Economy,888.03,Zone 1
C9312,Ngaoundéré,Industrial,Economy,809.49,Zone 1
C4167,Ngaoundéré,Residential,Premium,1012.48,Zone 3
C8102,Ngaoundéré,Commercial,Basic,884.81,Zone 3
C8200,Ngaoundéré,Industrial,Basic,516.68,Zone 3
C2654,Ngaoundéré,Industrial,Premium,276.64,Zone 1
C3125,Ngaoundéré,Commercial,Premium,160.86,Zone 1
C3796,Ngaoundéré,Industrial,Economy,405.39,Zone 1
C9442,Ngaoundéré,Residential,Basic,1305.84,Zone 1
C5387,Ngaoundéré,Residential,Economy,547.82,Zone 2
C7151,Ngaoundéré,Commercial,Premium,925.66,Zone 1
C5717,Ngaoundéré,Commercial,Economy,581.88,Zone 1
C1866,Ngaoundéré,Commercial,Premium,327.49,Zone 1
C4265,Ngaoundéré,Commercial,Basic,1498.53,Zone 3
C2380,Ngaoundéré,Commercial,Basic,1142.5,Zone 1
C4371,Ngaoundéré,Commercial,Basic,649.04,Zone 1
C3932,Ngaoundéré,Industrial,Basic,1445.88,Zone 2
C8079,Ngaoundéré,Residential,Basic,420.9,Zone 2
C8344,Ngaoundéré,Industrial,Basic,1112.74,Zone 2
C9144,Ngaoundéré,Industrial,Premium,1346.05,Zone 2
C1952,Ngaoundéré,Commercial,Basic,687.6,Zone 3
C2553,Ngaoundéré,Industrial,Basic,1237.04,Zone 1
C8770,Ngaoundéré,Commercial,Basic,617.59,Zone 3
C5809,Ngaoundéré,Residential,Economy,263.85,Zone 3
C3156,Ngaoundéré,Residential,Basic,1313.7,Zone 2
C8201,Ngaoundéré,Industrial,Economy,668.09,Zone 1
C2147,Ngaoundéré,Commercial,Basic,791.16,Zone 2
C2911,Ngaoundéré,Industrial,Economy,1465.24,Zone 2
C8719,Ngaoundéré,Industrial,Basic,1077.09,Zone 1
C5170,Ngaoundéré,Industrial,Basic,863.93,Zone 2
C2643,Ngaoundéré,Industrial,Economy,1402.94,Zone 1
C5004,Ngaoundéré,Commercial,Premium,93.48,Zone 3
C2027,Ngaoundéré,Residential,Basic,1081.58,Zone 2
C5926,Ngaoundéré,Residential,Premium,1291.7,Zone 1
C8953,Ngaoundéré,Commercial,Economy,1263.75,Zone 2
C7941,Ngaoundéré,Industrial,Economy,224.35,Zone 3
C6016,Ngaoundéré,Industrial,Premium,86.21,Zone 1
C4117,Ngaoundéré,Residential,Premium,1085.23,Zone 1
C1176,Ngaoundéré,Residential,Economy,1498.31,Zone 1
C9368,Ngaoundéré,Industrial,Basic,716.31,Zone 2
C2836,Ngaoundéré,Residential,Premium,354.16,Zone 3
C2396,Ngaoundéré,Industrial,Basic,522.44,Zone 3
C2330,Ngaoundéré,Industrial,Basic,527.15,Zone 3
C8049,Ngaoundéré,Industrial,Economy,533.09,Zone 3
C3896,Ngaoundéré,Residential,Basic,1016.6,Zone 1
C2222,Ngaoundéré,Commercial,Premium,1051.81,Zone 3
C9419,Ngaoundéré,Industrial,Basic,749.14,Zone 2
C8685,Ngaoundéré,Residential,Economy,139.75,Zone 1
C3856,Ngaoundéré,Commercial,Premium,600.42,Zone 3
C5388,Ngaoundéré,Industrial,Economy,966.99,Zone 3
C7936,Ngaoundéré,Commercial,Basic,1200.76,Zone 1
C8356,Ngaoundéré,Residential,Premium,162.76,Zone 1
C5113,Ngaoundéré,Industrial,Basic,125.19,Zone 2
C5459,Ngaoundéré,Residential,Basic,1207.07,Zone 3
C5036,Ngaoundéré,Commercial,Basic,1177.4,Zone 1
C2886,Ngaoundéré,Commercial,Basic,1089.54,Zone 2
C6226,Ngaoundéré,Residential,Premium,298.41,Zone 1
C6960,Ngaoundéré,Industrial,Basic,1370.68,Zone 1
C4491,Ngaoundéré,Industrial,Economy,872.69,Zone 3
C9329,Ngaoundéré,Residential,Basic,162.73,Zone 2
C2784,Ngaoundéré,Commercial,Economy,405.34,Zone 1
C8425,Ngaoundéré,Commercial,Premium,580.12,Zone 3
C1480,Ngaoundéré,Commercial,Basic,1312.34,Zone 3
C6763,Ngaoundéré,Commercial,Premium,1323.39,Zone 1
C7538,Ngaoundéré,Residential,Premium,1030.73,Zone 1
C3756,Ngaoundéré,Commercial,Premium,598.61,Zone 3
C8595,Ngaoundéré,Industrial,Premium,890.19,Zone 1
C8863,Ngaoundéré,Commercial,Economy,95.87,Zone 3
C8563,Ngaoundéré,Residential,Economy,850.78,Zone 2
C3526,Ngaoundéré,Commercial,Basic,711.55,Zone 1
C1300,Ngaoundéré,Commercial,Basic,604.57,Zone 1
C5541,Ngaoundéré,Commercial,Premium,119.21,Zone 1
C4830,Ngaoundéré,Industrial,Premium,934.56,Zone 2
C3731,Ngaoundéré,Commercial,Premium,568.37,Zone 2
C3642,Ngaoundéré,Commercial,Economy,673.4,Zone 3
C3643,Ngaoundéré,Industrial,Economy,457.08,Zone 3
C2647,Ngaoundéré,Residential,Premium,618.5,Zone 2
C1199,Ngaoundéré,Industrial,Premium,994.1,Zone 1
C5197,Ngaoundéré,Residential,Premium,1175.62,Zone 2
C2284,Ngaoundéré,Commercial,Basic,950.47,Zone 3
C7652,Ngaoundéré,Industrial,Economy,188.73,Zone 1
C1489,Ngaoundéré,Industrial,Premium,413.06,Zone 1
C1267,Ngaoundéré,Commercial,Basic,493.77,Zone 3
C1557,Ngaoundéré,Industrial,Basic,1456.49,Zone 3
C2890,Ngaoundéré,Industrial,Basic,1097.32,Zone 2
C2645,Ngaoundéré,Commercial,Economy,1393.75,Zone 1
C9928,Ngaoundéré,Commercial,Basic,308.28,Zone 1
C4685,Ngaoundéré,Residential,Basic,193.56,Zone 3
C7204,Ngaoundéré,Residential,Basic,1272.83,Zone 1
C3772,Ngaoundéré,Commercial,Premium,73.76,Zone 2
C1525,Ngaoundéré,Residential,Premium,1016.54,Zone 3
C5406,Ngaoundéré,Residential,Basic,362.54,Zone 3
C7312,Ngaoundéré,Residential,Economy,218.1,Zone 1
C5541,Ngaoundéré,Industrial,Basic,1399.96,Zone 3
C1041,Ngaoundéré,Industrial,Premium,1480.04,Zone 3
C5358,Ngaoundéré,Residential,Economy,129.83,Zone 3
C3354,Ngaoundéré,Residential,Economy,612.78,Zone 2
C1712,Ngaoundéré,Residential,Premium,1442.66,Zone 1
C4546,Ngaoundéré,Industrial,Premium,1382.1,Zone 1
C5599,Ngaoundéré,Commercial,Basic,143.87,Zone 2
C3833,Ngaoundéré,Commercial,Basic,1429.39,Zone 2
C7195,Ngaoundéré,Industrial,Basic,451.72,Zone 3
C6364,Ngaoundéré,Commercial,Economy,1285.15,Zone 3
C7609,Ngaoundéré,Commercial,Premium,1085.26,Zone 3
C1397,Ngaoundéré,Residential,Basic,65,Zone 3
C3272,Ngaoundéré,Commercial,Basic,664.98,Zone 2
C5311,Ngaoundéré,Commercial,Basic,234.97,Zone 1
C3730,Ngaoundéré,Commercial,Basic,373.59,Zone 2
C7497,Ngaoundéré,Industrial,Premium,577.66,Zone 1
C5546,Ngaoundéré,Industrial,Basic,151.78,Zone 1
C1819,Ngaoundéré,Commercial,Premium,665.44,Zone 2
C9148,Ngaoundéré,Commercial,Basic,386.08,Zone 2
C2883,Ngaoundéré,Industrial,Economy,949.17,Zone 2
C9760,Ngaoundéré,Commercial,Basic,1335.77,Zone 1
C9412,Ngaoundéré,Industrial,Premium,543.49,Zone 3
C2029,Ngaoundéré,Residential,Economy,710.43,Zone 1
C2154,Ngaoundéré,Industrial,Economy,676.3,Zone 2
C9829,Ngaoundéré,Commercial,Basic,255.44,Zone 1
C1874,Ngaoundéré,Industrial,Premium,305.88,Zone 1
C6158,Ngaoundéré,Industrial,Premium,934.74,Zone 2
C1977,Ngaoundéré,Commercial,Basic,544.71,Zone 3
C3649,Ngaoundéré,Commercial,Economy,774.72,Zone 3
